LabelMode,Method,#Clusters,Silhouette,DBIndex,ARI,NMI
dead_alive,HDBSCAN,4,0.19442160427570343,1.6124381456848826,-0.0038644157418335906,0.0037880911687609713
dead_alive,GMM-2,2,0.5632315874099731,1.4357184603451931,-0.01747040937066205,0.005074025294106868
dead_alive,Agglomerative-Complete-2,2,0.5604190230369568,1.479453460152527,-0.017550387498297095,0.004683952054266542
dead_alive_dividing,HDBSCAN,4,0.19442160427570343,1.6124378732544407,-0.0104963596480877,0.0057741291232818025
dead_alive_dividing,GMM-3,3,0.20493189990520477,1.75684484958768,-0.006763311350239864,0.00631150456833415
dead_alive_dividing,Agglomerative-Complete-3,3,0.07657184451818466,1.9612954626376593,0.012068887819637074,0.015750607376526646
