LabelMode,Method,#Clusters,Silhouette,DBIndex,ARI,NMI
dead_alive,HDBSCAN,4,0.022654358,1.8284110027636562,0.0041878126067466884,0.0007449275526188642
dead_alive,GMM-2,2,0.481392,1.576744230944542,0.02028608674653453,0.001795008495677971
dead_alive,Agglomerative-Complete-2,2,0.17902526,2.063893035732525,0.005097062078755815,0.0018720680818694736
dead_alive_dividing,HDBSCAN,4,0.022646084,1.828341493788809,0.002674956111887007,0.0015106812591791972
dead_alive_dividing,GMM-3,3,0.12689118,2.257320462878154,-0.0033390798357501843,0.002746271701284294
dead_alive_dividing,Agglomerative-Complete-3,3,0.08006888,2.707349394639668,-0.006398643074637904,0.003341525565686427
