{"mean": [0.0026760376058518887, 0.005905317608267069, 0.0032207556068897247], "std": [0.011397278867661953, 0.02502208948135376, 0.01599235087633133]}