LabelMode,Method,#Clusters,Silhouette,DBIndex,ARI,NMI
dead_alive,HDBSCAN,2,0.6626441,1.3498216568112475,0.01951684426548369,0.0010555741208745741
dead_alive,GMM-2,2,0.70077527,1.2257823851143947,0.021938232270170676,0.0019143206636685914
dead_alive,Agglomerative-Complete-2,2,0.76060724,1.1423053043848843,0.019659669904104983,0.0012911794602057838
dead_alive_dividing,HDBSCAN,2,0.66264397,1.3498214730424778,-0.004911020953059728,0.0014101080186577678
dead_alive_dividing,GMM-3,3,0.32703048,1.1429374911669472,0.009551013384369889,0.01027733091810671
dead_alive_dividing,Agglomerative-Complete-3,3,0.67252797,1.4667024705747405,-0.0028330806121865254,0.001302815970291962
